a2,Количество id
avito.ru,4150
auto.ru,4138
drom.ru,3721
нигде,118
e1.ru,91
youla.ru,45
не где,19
ни где,18
нет,14
хз,13
не знаю,12
на заборе,10
вк,9
газета,9
нет авто,7
нет машины,7
у меня нет авто,7
на столбе,6
не продаю,6
у меня нет автомобиля,6
хуй,6
1,5
везде,5
негде,5
незнаю,5
vk,4
в контакте,4
...,3
74.ru,3
e1.ru.ру,3
автосалон,3
к,3
не интересует,3
не размещал,3
нет автомобиля,3
п,3
e1.ru авто,2
www.e1.ru,2
ам.ру,2
в,2
в вк,2
в газете,2
все,2
да,2
забор,2
интернет,2
контакт,2
н,2
на подъезде,2
не интересно,2
не пользуюсь,2
не продам,2
не размещаю,2
никакое,2
ничего,2
ош,2
пе,2
пока не знаю,2
пппппп,2
продам по tried-in,2
сдаем по трейд ин,2
тумба,2
ы,2
я не продаю,2
.,1
1111,1
1999,1
1e,1
2,1
3,1
335,1
4,1
56,1
74,1
74.ру,1
74ру,1
abdumajidzoda__7,1
autochel.ru e1.ru,1
autostart.ru,1
avto.ua,1
drive2.ru,1
drom,1
e1. ru,1
e1.ru .,1
e1.ru youla.ru фарпост джапанкарс вк интсаграм,1
e1.ru. ру,1
e1.ru.ru,1
ego chi,1
gavno,1
gibdd.ru,1
gidra.onion,1
guns.ru,1
home,1
hz,1
inside your mamka,1
irr.ru,1
kolesa.kz,1
krya.com,1
ku.ku,1
na mamke tvoei,1
no,1
nothing,1
pogazam.ru,1
q,1
r1.ru,1
rr,1
rrrr,1
sosihuy.com,1
trade in,1
trade-in,1
ula,1
w,1
www.zlp.ru,1
xz,1
youla,1
youla. ru,1
youla.ru.,1
аavito.ru,1
аааа,1
абра катабра,1
ав,1
авто сайт,1
авто чел,1
авто.ру,1
автомобили.рус,1
автору,1
авточел яндексавто,1
априп,1
арра,1
аська,1
беседы группы,1
бесплатно,1
бесплатно не получиться узнат ностаящий ответ,1
буду ездить пока не развалится,1
в автосалоне,1
в анусе,1
в вагине твоей матери,1
в газете труд,1
в группах в вк ну и на сайтах,1
в группах вконтакте,1
в еопе ру,1
в жопе,1
в жопе у тебя,1
в пизде,1
в соцсетях,1
в чатн,1
в. туалете. с. бумажкой,1
ваттсап вибер,1
ватцапе,1
вв,1
везде где есть продажа авто,1
вк группы youla.ru,1
вконтакте,1
впизде,1
второй раз показываться,1
г,1
газета из рук в руки,1
газета правда,1
газета тумба,1
газеты,1
ггшшш,1
где можно,1
где хочу,1
говне,1
горитевадурекламныешлюхи.ру,1
группы в вк,1
группы вк,1
гуано,1
гшртош,1
дд2,1
диллер,1
диллерский центр,1
дом.ру,1
доска обьявлений в лифте,1
драйв 2,1
дром,1
другие,1
душанбе,1
дю,1
еет,1
ен,1
если его нет,1
еще где небуть,1
ж,1
жопа,1
залупа,1
залупы даром,1
здесь,1
и,1
и ни какие приложения не знаю,1
иди лесом,1
идите в пизду,1
идите на хрен,1
идите на хуй,1
из рук в руки или тумба,1
инстаграм,1
интересно :),1
как я размещу объявление о продаже авто,1
какашки. рф,1
капец.рф,1
кое где,1
кто сказал,1
купи-продай,1
куплю авто получше,1
лада.ру,1
лог,1
лом,1
любой,1
магазин,1
машина зло,1
мне 13,1
мне они нах не нужны!,1
мне это не актуально,1
много,1
мооорн,1
на воротах гаража,1
на всех выбранных,1
на двери подъезда,1
на дереве,1
на забор,1
на как можно большем количестве сайтов,1
на лобовом стекле,1
на любом,1
на многих,1
на пряую,1
на разборке,1
на счет положите деньег и ответь получите? можно на номер телефона 89090907837 1000 р,1
на хуй иди пидор,1
наебло. ру,1
не,1
не буду размещать,1
не буду указывать. есть много способов продажи.,1
не важно,1
не ваше дело,1
не где не,1
не где у меня его нет.,1
не где у меня нет пркв,1
не где.,1
не знаю больше,1
не интересуюсь,1
не интерисовался,1
не кокие,1
не люблю автомобили,1
не официальное ра,1
не планирую продовать,1
не поебало,1
не прдаю,1
не продается,1
не продовал,1
не размещу,1
не рекламирую я не рекламирую я услышаете повторюся я нерекламирую машины воры,1
не скажу,1
не собираюсь,1
не собираюсь участвовать в рекламных опросах,1
не укажу,1
не умею,1
не.знаю,1
невкаком,1
недавно приобрел. нигде пока,1
незнаю у меня нет машины,1
ненадо,1
неразмещала,1
нерекламируемое,1
нет авто!,1
нет такого,1
нету,1
нету авто,1
неукажу,1
нечево прадавать,1
ни где авто у меня нет,1
ни где.,1
ни какие я бе лошадный,1
ни разу не размешал,1
нигде. нет машины(,1
нигдн4,1
нигер,1
никак потому что у меня его нет,1
никакие,1
ноги,1
обменяю по программе трейд дын,1
обращусь в автосалон,1
одноклассники,1
олл,1
он мне важен,1
они меня не интерисуют,1
ооо,1
отвалите.ру,1
отвалити,1
откуда я знаю,1
паблики вконтакте инстаграм,1
пизда,1
пиоо,1
плраглраа,1
по связям,1
после меня его не кто не купит,1
ппжн,1
прав нет и за рулём поэтому не присудствую,1
прайс у дилера,1
продам без фирмы самостоятельно4,1
продам на авторынке,1
продам по трейдин,1
продам так,1
продам чуркам,1
продаю автомобиль через автосалон,1
продовать я не собераюсь,1
ро,1
родственики,1
рой клуб,1
рр,1
ррол,1
рррорчржлррт,1
рррпртт,1
рынок,1
сам продал,1
сарафанное радио,1
свалка,1
свой не продам,1
свой сайт,1
сдам в трейд ин,1
сдам в трейдер ин,1
сдам в трейдин,1
сдам в утиль,1
себя разместите,1
скорее всего везде,1
соседу,1
сосите мои яйца рекламные ублюдки,1
сосихуйуебок.рф,1
соц сети,1
спасибо,1
спец. группы в vk.com,1
стена дома,1
так продам,1
там где бесплатно будет!,1
телеграм,1
то само собой нигде.,1
только не через интнрнет,1
трейд ин,1
трейдин,1
туда же,1
турбо аз,1
у,1
у мен нет машины,1
у меня его нет,1
у меня его нет и уже небудет,1
у меня нет маш ны,1
у меня нет машинки!,1
у меня нет машины,1
у ти меня нет автомабиля,1
усамара и арменьчика,1
устно,1
фафа,1
хватит мне ипсти мозги...,1
хуито,1
хуй .зу,1
хуй знает,1
хуй пососи,1
хуй ру,1
хуй сосите,1
хуйавто.рф,1
хх,1
хщ,1
через друзей,1
чермет,1
чсмчии,1
ш,1
штерн. рф,1
шфмиё,1
шщгзщ,1
ыавыаыва,1
ырпвеапкепу,1
ю,1
я ж вам неасферичный какой-то. размещать объявление о продаже того,1
я не ваша ца. перенастройте рекламу :),1
я не продаю авто,1
я не продаю автомобиль,1
я не продовал,1
я не умею,1
я не умею размещать объявл,1
я пешеход,1
яндекс ру,1
яне продаю автомобиль.,1
ясно все с вами,1
رب,1
