q1,id
No,yd0
Не знаю,yd1
E1.ru,yd2
Дром пу. Авто ру.,yd3
Авито. Дром. Фарпост.,yd4
DROM.RU,yd5
DROM.RU,yd6
Дом.ру,yd7
Не каких ,yd8
Авто ру,yd9
Е1,yd10
"Авто.ру, Дром,ру. Автоспорт.ру",yd11
авто ру,yd12
"Авто, дром",yd13
Е1,yd14
Дром и авто ру,yd15
Никакие,yd16
Че каго,yd17
"Авто ру,авито",yd18
Авто. Ру,yd19
Е1,yd20
a to.ru,yd21
Дром. Авто ру,yd22
Е1,yd23
Е1,yd24
Е1,yd25
Авто ру,yd26
Дром. Ру.,yd27
"Drom.ru avito, e1",yd28
"Авто, Авито",yd29
Хуйня,yd30
Дром.ру,yd31
Не знаю ,yd32
Авто ру,yd33
Auto. ru,yd34
Авто ру,yd35
Авто.ру,yd36
Дром,yd37
T,yd38
дром,yd39
Авито,yd40
Никакие,yd41
Е1,yd42
Avito,yd43
Е1,yd44
Авито юла Дром.,yd45
Drom.ru,yd46
машина ру,yd47
"Auto.Ru, drive.Ru",yd48
"Авто.ру, авито",yd49
Юла,yd50
не знаю,yd51
Auto,yd52
e1,yd53
Никакие,yd54
"Авито, автору, даром, ",yd55
Авито,yd56
Авто.ру Дром.ру,yd57
Дром.ру,yd58
Drom. Ru,yd59
Авито ,yd60
не знаю,yd61
Авто ру,yd62
"Драйв, Авито, юла, Дром, автору",yd63
Avito,yd64
Авто ру ,yd65
"авто,ру",yd66
Авито,yd67
Никаких,yd68
Дром,yd69
"Авто.ру, Дром",yd70
Авто.ру,yd71
авто.ру,yd72
Никакой,yd73
Никаких,yd74
Авто.ру,yd75
Авито,yd76
не знаю,yd77
"Авто.ру, Дром.ру",yd78
Д-ром ру авто ,yd79
Авито,yd80
Авито,yd81
Авито,yd82
Авто ру,yd83
Е2,yd84
По роману без четкого понимания,yd85
Е1,yd86
Авто ру,yd87
Дром.ру,yd88
Е1,yd89
Авто ру,yd90
Дром,yd91
Е1,yd92
auto.ru. drom. Avito,yd93
Автору,yd94
Drom.ru auto.ru,yd95
авито,yd96
Е1,yd97
Avito.ru,yd98
Авто.ру,yd99
"Дром, Авито",yd100
Auto. Ru,yd101
Автору,yd102
"Дром, Авито,авто, юла",yd103
E1,yd104
Авто ру,yd105
"Дром, Авито",yd106
Авто ру,yd107
Не знаю,yd108
Е1 авто,yd109
Drom.ru ,yd110
Авито,yd111
Дром ру,yd112
Авто ру,yd113
Никаких,yd114
"Дром, Авито, авто.ру",yd115
ни один,yd116
Д-ром ру,yd117
"Дром ру, е1, юла, Авито,авто ру",yd118
"Е1, авто.ру сайты салонов",yd119
drom.ru auto.ru avito.ru,yd120
авитио,yd121
DROM,yd122
Незнаю,yd123
Авито,yd124
"Авито, drom. Ru, ",yd125
Avito,yd126
нет,yd127
Не помню,yd128
Авто ру,yd129
дром,yd130
Авито авто.,yd131
Auto.ru avito,yd132
Не знаю,yd133
Никаких,yd134
"Авто ру, драйв, авито",yd135
все гавано,yd136
"Дром ру, е1,",yd137
Авито ,yd138
"Авто ру, Дром, Авито, юла",yd139
"Дром.ру, Авито, е1.ру",yd140
avito,yd141
Авто ру ,yd142
"drive2, avito, drom",yd143
111,yd144
Автору,yd145
К,yd146
fssp66.ru,yd147
"Авито, юла, е1, дром",yd148
дром ру,yd149
Никакие ,yd150
Никакие ,yd151
Auto.ru,yd152
"Дром, Авито авто.ру",yd153
Авито,yd154
НИЗНАЙУ,yd155
Авто ру,yd156
Дром,yd157
Дром ру,yd158
Авто ру,yd159
Дром ,yd160
Ни каких,yd161
avto.ru,yd162
Avito,yd163
Автору,yd164
Drom.ru,yd165
Авто ру,yd166
Авто ру,yd167
Авито,yd168
drom.ru,yd169
Е1,yd170
"Авито, автору, дромру",yd171
Дром на,yd172
Дом ру. Авто ру,yd173
5,yd174
дром,yd175
Авито ,yd176
Дром,yd177
"Drom.ru, auto.ru",yd178
Дром,yd179
Авито,yd180
"Drom.ru, E1.ru",yd181
авто.ру,yd182
1,yd183
Не знаю,yd184
никакте,yd185
Avito,yd186
Auto.ru,yd187
Дром,yd188
Авито ,yd189
Е1,yd190
"Avto.ru, drom.ru",yd191
Чсмич,yd192
Никакие ,yd193
Автору,yd194
Авто.ру,yd195
авто ру,yd196
Никаких,yd197
Авито дром,yd198
Никакой,yd199
Авито,yd200
Авто ру,yd201
"Авто.ру, Дром, Е1, Авито, Юла",yd202
Дром,yd203
-,yd204
"Drom.ru, auto.ru",yd205
"Авито, даром",yd206
Не знаю,yd207
Avto.ru,yd208
Дром. Ру,yd209
Drom.ru,yd210
Ав,yd211
Дром. Ру,yd212
авито,yd213
Никакие,yd214
Дром,yd215
Никакие,yd216
Авито,yd217
Avito,yd218
Не знаю,yd219
Avto.ru,yd220
Гта,yd221
Авто ру,yd222
Авито,yd223
"Интересно, что дальше",yd224
Дром ,yd225
Авто ру,yd226
Авто ру,yd227
Auto. Drom,yd228
Нет,yd229
Авто,yd230
Drom.ru Авито авто,yd231
"Avito.ru, drom.ru",yd232
"Дром, авто, е1, авито",yd233
Авто ру,yd234
Дром.ру,yd235
Авито.ру ,yd236
Никаких,yd237
Авто ру,yd238
Автору,yd239
авто ру,yd240
Авто.ру,yd241
Авто ру,yd242
"Дром.ру, авито.ру",yd243
Авто.ру,yd244
Авито,yd245
auto.ru,yd246
Drom.ru,yd247
"Дром, авито, авто.ру",yd248
Авто ру,yd249
Авито,yd250
"Е1, Авито, авто.ру",yd251
Никаких,yd252
Auto.ru,yd253
"Авио.Ру, дром",yd254
Дром.ру,yd255
Avito.ru,yd256
Дром,yd257
Дром.ру,yd258
"Авто ру, Авито",yd259
Авто ру,yd260
Нет,yd261
Авито,yd262
auto.ru drom.ru avito.ru,yd263
Е1,yd264
drom.ru avito.ru,yd265
Е1,yd266
авто ру,yd267
Авто ,yd268
Никаких,yd269
Дром .ru. авто .ru.,yd270
Дром ру,yd271
"Авито, дром",yd272
"Авито, Дром.ру.",yd273
Автору,yd274
дром,yd275
Автодром,yd276
дром.ру,yd277
Авито ,yd278
"Drom
ru",yd279
Авто.ру,yd280
auto.ru,yd281
Д-ром ру,yd282
"Авито, автору, дромру",yd283
Да,yd284
Дром. ру,yd285
"Avito, auto.ru, drom",yd286
Доли ру,yd287
дом. ru,yd288
Авто ру,yd289
Авто ру,yd290
Автору,yd291
E1 ,yd292
"Авито, дром",yd293
Drom.ru,yd294
Никаких,yd295
Дром,yd296
E1.ru Drom.ru avito.ru,yd297
Не знаю,yd298
Не знаю,yd299
Auto.ru drom,yd300
"Дром, авто.ру",yd301
Никакие,yd302
avito,yd303
Дром,yd304
Дром.ру,yd305
"Drom, avito",yd306
авто ру,yd307
Мобил,yd308
"Авто.ру, дром, авито, юла ",yd309
Дром.ру,yd310
Auto.ru,yd311
Авито дром,yd312
"НЕКАКИХ , Я ДЕБЕЛ",yd313
"авто ру
авито",yd314
Д-ром.ру,yd315
Е1авто,yd316
E1,yd317
Е1,yd318
Авито,yd319
Авто.оу,yd320
Не знаю,yd321
Автору,yd322
Дром,yd323
Никакие ,yd324
щгнлон,yd325
Июнь,yd326
Дром автору,yd327
За рулем,yd328
Ныкакых,yd329
Ныкакых,yd330
Ныкакых,yd331
Авто.ру,yd332
"Дром,авито",yd333
auto.ru,yd334
Авто ру авито,yd335
"Авито,Дром.ру,Авто.ру",yd336
авто ру,yd337
авто.ру,yd338
Хуй,yd339
Никакие,yd340
Drom ,yd341
Авто ру,yd342
Авто ру,yd343
Авто пу,yd344
Avito,yd345
E1,yd346
"Дром ру, авто ру, юла, авито, е1",yd347
Авито дром ту,yd348
Авто ру,yd349
Drom.ru ,yd350
Drom,yd351
нет,yd352
"Дром ру, авито ",yd353
Продай свою помойку потребитель,yd354
Дром ру,yd355
Авто. Ру,yd356
Автору Авито юла,yd357
Дром,yd358
Дом ру,yd359
"DromRu
Avito
AutoRu",yd360
Avito,yd361
"Авито , дром",yd362
"Авито, дром, юла, авто ру",yd363
Автору,yd364
Drom.ry,yd365
e1,yd366
Не засирайте рекламой мою ленту.ком,yd367
дром ру,yd368
Auto.ru,yd369
Drom.ru,yd370
"Авто ру, дром ру, авито, е1, Юла ",yd371
Автору,yd372
Автору,yd373
Никакие,yd374
ник4аких,yd375
Авто ру,yd376
"Avto.ru, droom, avito, юла.",yd377
"auto.ru, drom.ru",yd378
Е1,yd379
Авт.ру,yd380
нет,yd381
avto.ru,yd382
нет,yd383
авито,yd384
Ural.auto,yd385
Авито дром ,yd386
автору,yd387
Дром. Ру,yd388
Е1.ру дром ру ,yd389
Авто ру,yd390
Дром,yd391
Авто. ру,yd392
Ни каких,yd393
Авито,yd394
Авто.ру,yd395
дром автору,yd396
"Авто ру, дром Авито, ",yd397
одноклассники,yd398
Дром ,yd399
Авито,yd400
Дром,yd401
Ааито ,yd402
Авито,yd403
Avto ru,yd404
"Не знаю. Авито втоде, дром.",yd405
Авто ру Авито.Дром.Юла,yd406
Дром ру.авто ру.,yd407
Дром ру,yd408
Авто.ру,yd409
Авито,yd410
Авито,yd411
Авто.рк,yd412
авито,yd413
Авто. Ру,yd414
дром юла авито авто,yd415
Дром ру,yd416
Д-ром ру,yd417
Разные,yd418
Е1,yd419
Автору,yd420
Auto.ru,yd421
Авто ру,yd422
Дром,yd423
Не знаю,yd424
Дром.ру ,yd425
Е 1,yd426
"Е1 , дром",yd427
Не знаю,yd428
Рено киа хендэ джели фольксваген,yd429
авто.ру,yd430
Ы,yd431
Сосите,yd432
Авто.ру.,yd433
Дром Авто.ру е1,yd434
Никакие ,yd435
Авто.ру,yd436
Автору,yd437
Аворв,yd438
Е1,yd439
Дром,yd440
Авто ру,yd441
Е1,yd442
Авто ру дром,yd443
Ни какой,yd444
Don. Ru,yd445
Е1,yd446
Авито ,yd447
Не знаю вообще,yd448
Дром,yd449
avito drom.ru avto.ru,yd450
Е1,yd451
Хуй,yd452
Avito,yd453
Штерн,yd454
Авто. ру,yd455
Auto.ru,yd456
Авто ру,yd457
"Drom, авито, авто.ру",yd458
Не знаю,yd459
Автору,yd460
"Автору, дромру, е1, авито",yd461
Avito,yd462
"Дром, авто ру, Авито",yd463
"Авто ру, авито",yd464
Авто.ру. дром.ру,yd465
avto.ru drom.ru,yd466
Иди нахуй и не мешай мне своими ебаными опросами,yd467
Дром.ру,yd468
хуй .зу,yd469
Дром.ру. авто.ру,yd470
Дром.ру. авто.ру,yd471
Auto. ru,yd472
Auto. ru,yd473
Auto. ru,yd474
Auto. ru,yd475
Auto. ru,yd476
Auto. ru,yd477
Auto. ru,yd478
Auto. ru,yd479
Auto. ru,yd480
Auto. ru,yd481
Авто ру,yd482
Авито,yd483
Меня это не интересует. ,yd484
"Авито, дром, юла",yd485
Дром,yd486
"тойота моторс, Митсубиши, Ниссан",yd487
Авто.ру и дром.ру,yd488
Drop.ru,yd489
"авто ру, авито авто",yd490
Авто.ру,yd491
"Авито, е1, дром ",yd492
Auto.ru,yd493
Auto. Ru,yd494
Авто ру,yd495
Авито,yd496
Авто.ру,yd497
Авито ,yd498
Авто ру,yd499
Drom.ru,yd500
дром.ру,yd501
Хз,yd502
Auto.ru,yd503
Авито,yd504
Drom.ru,yd505
Авито дром.ру,yd506
Ни каких,yd507
Drom.ru,yd508
Дром,yd509
"Авто.ру, дромавто, Е1",yd510
Дром,yd511
"Авито,юла.",yd512
дром,yd513
-,yd514
Авито,yd515
"Авито, дром, ещё что но не помню названия",yd516
чя,yd517
-,yd518
Авто.ру,yd519
Авто ру,yd520
Авито,yd521
авто.ру,yd522
Е1,yd523
Пока не интересно,yd524
авто ру,yd525
"Авито, юла, дром, ",yd526
Дром,yd527
мне это не актуально,yd528
Авто. Ру,yd529
Дром авто ру,yd530
Дром авто ру,yd531
Дром авто ру,yd532
Дром авто ру,yd533
"Авито,авто.ру,Дром.ру",yd534
Все,yd535
Авто ру Дром,yd536
автору авито дром,yd537
Дром,yd538
Avto.com,yd539
Drom,yd540
0,yd541
"Авито, е1, авто ру",yd542
Авто.ру,yd543
Авто. Ру,yd544
Нет,yd545
авто.ру,yd546
Auto.ru,yd547
авито,yd548
"Avito, e1.ru, drom",yd549
Авто ру ,yd550
"нет машины, и ни какие приложения не знаю",yd551
Авито ,yd552
"auto.ru, drom.ru",yd553
Hueta.ru,yd554
"Дром ру, авто ру, авито",yd555
Авто ру,yd556
дром ру,yd557
drom.ru,yd558
Дром ру,yd559
Drom,yd560
Неинтересно ,yd561
"Drom, auto.ru",yd562
Авто ру,yd563
E1,yd564
Авто. Ру,yd565
"Дром, авто ру, е1.",yd566
Хз,yd567
"Авито
Дром.ру
Е1",yd568
Никаких,yd569
Авто авито,yd570
"Авито, Droom, auto.ru, vk",yd571
auto.ru ,yd572
Автодом,yd573
Авто ру,yd574
Автору,yd575
"Дром,авто.ру",yd576
"Дром,авто.ру",yd577
"Дром,авто.ру",yd578
drom.ru am.ru avito.ru,yd579
Е1,yd580
Авто.ру,yd581
Е1,yd582
W,yd583
Е2,yd584
Никаких ,yd585
Хз,yd586
avito,yd587
Рн.банк.,yd588
Понятия не имею ,yd589
Pornhub.com,yd590
E1,yd591
"Дром, авито, ",yd592
Юла,yd593
Ауто,yd594
"Drom.ru, авто.ру",yd595
Авто ру,yd596
Авито ,yd597
Ав,yd598
Не пользуюсь,yd599
Авито,yd600
Дром,yd601
Auto.ru,yd602
Нет,yd603
Авто,yd604
Авто ру,yd605
Ййукее,yd606
Автору,yd607
Avto.ru,yd608
drom.ru,yd609
Незнаю,yd610
Автору,yd611
Дром ру,yd612
Г,yd613
дром ру,yd614
Хуй,yd615
Хуй,yd616
Drom,yd617
"Авито, е1, Дром...",yd618
Авито,yd619
Е1,yd620
Е1,yd621
Е1,yd622
Авито ,yd623
"Drom.ru, auto.ru avito",yd624
"E1, avto.ru, ",yd625
Е 1,yd626
Авито,yd627
Авито,yd628
"avto.ru, avito.ru",yd629
Авто .ру,yd630
Дром. ру,yd631
Дром.ру,yd632
Авто .ру,yd633
Мопми,yd634
Авито,yd635
Из рук в руки,yd636
Авто.ру,yd637
Drom,yd638
"Д-ром, авто.ру",yd639
Ни одного,yd640
Авито,yd641
"Я и так перешёл на ваш сраный опрос, так вы еще и заставляете меня писать что то. Составители теста, вы там совсем ахуели? Я бы уволил вас нахуй. ",yd642
Несколько ,yd643
Дром ,yd644
Дром ру,yd645
"Авито, авто.ру",yd646
Никакие,yd647
дром,yd648
"Авто.ру, авито-авто",yd649
Автору,yd650
Дром. Ру,yd651
Авито. ,yd652
вы лохи,yd653
"Авито, Дром",yd654
Авто. Ру,yd655
Авито,yd656
Авито,yd657
"Дром, авто.ру, Авито",yd658
No,yd659
74ру,yd660
74ру,yd661
drom.ru,yd662
Авто ру . Авито,yd663
Auto.ru,yd664
Авито,yd665
Дом.ру,yd666
"Дром, Авито,,авто.ру,юла",yd667
Www,yd668
никакие,yd669
авто дром,yd670
Дром авито,yd671
Автору,yd672
Не знаю никакие,yd673
Авито .ру,yd674
Ам. Ру дром. Ру,yd675
Д-ром авито юла,yd676
Д-ром авито юла,yd677
"Дром, авто.ру",yd678
Никаких,yd679
Авито,yd680
Авито,yd681
Авто ру,yd682
авто ру,yd683
Авито,yd684
Авито,yd685
"Авито, дром",yd686
Авито,yd687
никакие,yd688
Дром.ру,yd689
Drom.ru,yd690
Drom,yd691
авито,yd692
74.ru,yd693
"Даром, авито, юла, 74ру",yd694
Автор.ру,yd695
Авито,yd696
From. Ru,yd697
не знаю,yd698
Drom. Ru,yd699
"auto.ru, drom.ru",yd700
хуй,yd701
Авто. Ру,yd702
авито дром драйв 2 юла,yd703
"Avito, Auto.ru, Drom.ru",yd704
Авито,yd705
Авито,yd706
Авито,yd707
хуй знает,yd708
"Авто ру ,дром ру.",yd709
хз,yd710
Дром ру,yd711
Авито,yd712
Дром,yd713
Трейдин ,yd714
Незнаю,yd715
Авто ру,yd716
Drom.ru,yd717
Авто,yd718
"DROM.RU, AUTO.RU, AVITO. RU, YOULA. RU",yd719
Дром.ру,yd720
Авто ру,yd721
Drom,yd722
Незнаю,yd723
drom.ru,yd724
"Дром, авито, 74 авто",yd725
"Avito, Drom",yd726
"авито, дром.ру, 74,ру",yd727
Дром,yd728
Авито,yd729
drom.ru,yd730
рп укеап,yd731
Дрон ру,yd732
Avto ru,yd733
Нет,yd734
Дромру,yd735
Авито,yd736
Ни одного,yd737
"Дром, авито, авточел, автору",yd738
Авто ру,yd739
"Дром, Авто.ру, Автоспот",yd740
Toyota,yd741
Авито,yd742
Авто.ру,yd743
Разные,yd744
Дром ,yd745
Аuto,yd746
Авито 74ru юла ,yd747
Auto.ru,yd748
"Авито, дром.",yd749
"Дром, авито, автору",yd750
Дром. Авито. Авто.ру,yd751
"Drom, auto.ru",yd752
Авито,yd753
Дром ру. Авто ру. ,yd754
авито дром,yd755
Дром,yd756
Что такое сайты ? Что такое приложения ?,yd757
Пре,yd758
Авто.ру,yd759
Дром,yd760
Не знаю,yd761
Ппп,yd762
дром,yd763
Rvvg,yd764
Никаких,yd765
"Auto.ru, Drom.ru",yd766
Drom. Ru,yd767
Drom. Ru,yd768
Дром,yd769
Авито,yd770
Drom.ru Auto.ru Avito,yd771
BMW,yd772
drom.ru,yd773
Drom.RU,yd774
"Авито, ебай",yd775
"Авито, ебай",yd776
Авито,yd777
Авито,yd778
дром.ру,yd779
Авто. Ру. Дром ру авито,yd780
Авито,yd781
Дром и автору,yd782
Дром ю. Ру. ,yd783
Авито,yd784
"Автору, Дром",yd785
Авто ру ,yd786
Авто ру ,yd787
Автору. Дром.ру Авито,yd788
Авто ру,yd789
Дром авто ру,yd790
Авто ру,yd791
"avto.ru , drom.ru, ",yd792
Не знаю,yd793
Авто. Ру,yd794
Авто ру,yd795
2гиз,yd796
Нет,yd797
Плохая затея точка ком,yd798
дром.ру,yd799
никаких,yd800
никакие,yd801
скликаем весь бюджет?,yd802
"avito , avto.ru",yd803
drom,yd804
Авито,yd805
"Авито, дром",yd806
ДРом ру,yd807
Автору дромру,yd808
Avito,yd809
"Авито, дром",yd810
auto.ru,yd811
Hui,yd812
Avito,yd813
Дром,yd814
"drom, avito",yd815
"Авто ру,авито",yd816
"Drom, avito ,юла",yd817
Колёса ,yd818
"Дром .ру.,авто.ру",yd819
Авто ру,yd820
Авто ру,yd821
Авито,yd822
Drom,yd823
"Дром авто, авто ру, авито авто. ",yd824
Дром ру,yd825
дром авито юла,yd826
Дром.ру,yd827
Авито,yd828
Авто ру,yd829
Никакие,yd830
Никакие,yd831
Никакие,yd832
Дром и Авто ,yd833
Авито,yd834
Авто,yd835
Авито ,yd836
Авто ру,yd837
Дрон,yd838
Авито,yd839
Никакие,yd840
Авто.ру,yd841
Ад орп,yd842
Авточел,yd843
авто.ру; drom.ru,yd844
Drom.ru avto.ru,yd845
Авито,yd846
дром руб,yd847
Avto.ru,yd848
Авито . авто. Ру,yd849
Хуйвам.ру,yd850
Дром ,yd851
Авто. Ру,yd852
Авто.ру,yd853
"Дром, авто, Авито, мобиле",yd854
Не одного,yd855
drom.ru,yd856
Дром ру,yd857
Дром ру,yd858
Д-ром. Авито. 74.ru,yd859
Авито,yd860
"Авто ру, Дром ру,авито",yd861
Drom.ru,yd862
Авито,yd863
"Дром, Авито, авто.ру",yd864
Пошли на хер со своей рекламой,yd865
Никаких,yd866
Авито,yd867
Авито,yd868
"Дром,автору",yd869
Дром,yd870
? ,yd871
Авто ру Авито ,yd872
Авто ру,yd873
"Дром ру,авито,",yd874
Авито,yd875
1,yd876
Авито Дром авто ру .,yd877
Авто ру,yd878
Drom.ru,yd879
"Авито, дром, юла, авто ру",yd880
Авито,yd881
Нахер не нужны...,yd882
Да говна вам на палке....,yd883
Дром. Ру,yd884
Дром ру ,yd885
"Авито, дром, драйв",yd886
"Тог дром ру

Цефей",yd887
Дом ру,yd888
drom,yd889
drom,yd890
Дром,yd891
авито,yd892
"Автору, авито",yd893
авито,yd894
авито,yd895
Дром ру,yd896
Авто дром ру,yd897
Дром ру,yd898
Автору авторынок на горке горшки,yd899
Дром руб,yd900
"Авито, Дром ру авто руб ",yd901
"Дром.ру,Юла,Авито",yd902
Авито,yd903
Дром ,yd904
"Avito, autoru, drom",yd905
Ни одного,yd906
Дром,yd907
А втору,yd908
Drom,yd909
Дром ру,yd910
Drom,yd911
Дромру,yd912
Drom.ru,yd913
Дром,yd914
Доли ру,yd915
Авто ру,yd916
Auto.ru,yd917
E1.autochel.,yd918
Автору,yd919
Авито,yd920
Автору,yd921
Дром ру,yd922
"Авто.ру, дром.ру",yd923
Ни какие не знаю,yd924
Авто ру,yd925
"Дром, авито",yd926
Дром.ру,yd927
Drom,yd928
Авито ,yd929
Много,yd930
Много,yd931
Дром. Ру,yd932
авито,yd933
Не знаю,yd934
Авто. Ру,yd935
"Дром ру
Авито",yd936
Яндекс,yd937
Авито,yd938
Дром ру,yd939
Никаких,yd940
drom.ru,yd941
Авто ру дром,yd942
Авито дром,yd943
никакие ,yd944
Авито,yd945
Авто ру,yd946
"Авита, ",yd947
Avito,yd948
74 ру,yd949
Дром,yd950
Авто.ru,yd951
Auto ru,yd952
Не интересуюсь,yd953
drom.ru avito.ru,yd954
Авито,yd955
Авито,yd956
Не.интересно.,yd957
Дгом.ру,yd958
Дром.ру,yd959
Челру,yd960
Авито,yd961
Не каких,yd962
"Дром, авито, авто Ру,",yd963
"Авито, авто. Ру",yd964
Авто 74.ru,yd965
Авито,yd966
авито,yd967
Никаво не знаю:<,yd968
Не какие,yd969
Авто ру,yd970
"авито, юла",yd971
"Дром ру, Авито",yd972
Dromru,yd973
Авито ,yd974
drom.ru,yd975
Авто ру. Дром,yd976
"Авто ру , Авито , дром",yd977
"drom.ru, auto.ru",yd978
Ррв,yd979
Автодром,yd980
Дром авито,yd981
Авто.ру,yd982
Авито Дром автору,yd983
Дром ру,yd984
"drom.ru, auto.ru",yd985
Д-ром ру,yd986
Drom,yd987
Рол,yd988
Автору,yd989
Авито ,yd990
Дром,yd991
Нет ,yd992
Дром,yd993
Дром,yd994
Все,yd995
"Авито,дром.ру",yd996
"Автору, Авито",yd997
Никакие,yd998
"Авито,",yd999
